<?xml version="1.0" encoding="utf-8" ?>

<Defs>

  <RimFlix.ShowDef>
    <defName>OverlordAnimated_Megascreen</defName>
    <label>Overlord Maury Animated - Megascreen</label>
    <description>Overlord Maury Animated</description>
    <televisionDefs>
      <li>MegascreenTelevision</li>
    </televisionDefs>
    <secondsBetweenFrames>0.033</secondsBetweenFrames>
    <sound />
    <frames>
      <li>
        <texPath>Shows/OverlordAnimated/frame_000_delay-0.04s</texPath>
        <graphicClass>Graphic_Single</graphicClass>
      </li>
	  <li>
        <texPath>Shows/OverlordAnimated/frame_001_delay-0.04s</texPath>
        <graphicClass>Graphic_Single</graphicClass>
      </li>
	  <li>
        <texPath>Shows/OverlordAnimated/frame_002_delay-0.04s</texPath>
        <graphicClass>Graphic_Single</graphicClass>
      </li>
	  <li>
        <texPath>Shows/OverlordAnimated/frame_003_delay-0.04s</texPath>
        <graphicClass>Graphic_Single</graphicClass>
      </li>
	  <li>
        <texPath>Shows/OverlordAnimated/frame_004_delay-0.04s</texPath>
        <graphicClass>Graphic_Single</graphicClass>
      </li>
	  <li>
        <texPath>Shows/OverlordAnimated/frame_005_delay-0.04s</texPath>
        <graphicClass>Graphic_Single</graphicClass>
      </li>
	  <li>
        <texPath>Shows/OverlordAnimated/frame_006_delay-0.04s</texPath>
        <graphicClass>Graphic_Single</graphicClass>
      </li>
	  <li>
        <texPath>Shows/OverlordAnimated/frame_007_delay-0.04s</texPath>
        <graphicClass>Graphic_Single</graphicClass>
      </li>
	  <li>
        <texPath>Shows/OverlordAnimated/frame_008_delay-0.04s</texPath>
        <graphicClass>Graphic_Single</graphicClass>
      </li>
	  <li>
        <texPath>Shows/OverlordAnimated/frame_009_delay-0.04s</texPath>
        <graphicClass>Graphic_Single</graphicClass>
      </li>
	  <li>
        <texPath>Shows/OverlordAnimated/frame_010_delay-0.04s</texPath>
        <graphicClass>Graphic_Single</graphicClass>
      </li>
	  <li>
        <texPath>Shows/OverlordAnimated/frame_011_delay-0.04s</texPath>
        <graphicClass>Graphic_Single</graphicClass>
      </li>
	  <li>
        <texPath>Shows/OverlordAnimated/frame_012_delay-0.04s</texPath>
        <graphicClass>Graphic_Single</graphicClass>
      </li>
	  <li>
        <texPath>Shows/OverlordAnimated/frame_013_delay-0.04s</texPath>
        <graphicClass>Graphic_Single</graphicClass>
      </li>
	  <li>
        <texPath>Shows/OverlordAnimated/frame_014_delay-0.04s</texPath>
        <graphicClass>Graphic_Single</graphicClass>
      </li>
	  <li>
        <texPath>Shows/OverlordAnimated/frame_015_delay-0.04s</texPath>
        <graphicClass>Graphic_Single</graphicClass>
      </li>
	  <li>
        <texPath>Shows/OverlordAnimated/frame_016_delay-0.04s</texPath>
        <graphicClass>Graphic_Single</graphicClass>
      </li>
	  <li>
        <texPath>Shows/OverlordAnimated/frame_017_delay-0.04s</texPath>
        <graphicClass>Graphic_Single</graphicClass>
      </li>
	  <li>
        <texPath>Shows/OverlordAnimated/frame_018_delay-0.04s</texPath>
        <graphicClass>Graphic_Single</graphicClass>
      </li>
	  <li>
        <texPath>Shows/OverlordAnimated/frame_019_delay-0.04s</texPath>
        <graphicClass>Graphic_Single</graphicClass>
      </li>
	  <li>
        <texPath>Shows/OverlordAnimated/frame_020_delay-0.04s</texPath>
        <graphicClass>Graphic_Single</graphicClass>
      </li>
	  <li>
        <texPath>Shows/OverlordAnimated/frame_021_delay-0.04s</texPath>
        <graphicClass>Graphic_Single</graphicClass>
      </li>
	  <li>
        <texPath>Shows/OverlordAnimated/frame_022_delay-0.04s</texPath>
        <graphicClass>Graphic_Single</graphicClass>
      </li>
	  <li>
        <texPath>Shows/OverlordAnimated/frame_023_delay-0.04s</texPath>
        <graphicClass>Graphic_Single</graphicClass>
      </li>
	  <li>
        <texPath>Shows/OverlordAnimated/frame_024_delay-0.04s</texPath>
        <graphicClass>Graphic_Single</graphicClass>
      </li>
	  <li>
        <texPath>Shows/OverlordAnimated/frame_025_delay-0.04s</texPath>
        <graphicClass>Graphic_Single</graphicClass>
      </li>
	  <li>
        <texPath>Shows/OverlordAnimated/frame_026_delay-0.04s</texPath>
        <graphicClass>Graphic_Single</graphicClass>
      </li>
	  <li>
        <texPath>Shows/OverlordAnimated/frame_027_delay-0.04s</texPath>
        <graphicClass>Graphic_Single</graphicClass>
      </li>
	  <li>
        <texPath>Shows/OverlordAnimated/frame_028_delay-0.04s</texPath>
        <graphicClass>Graphic_Single</graphicClass>
      </li>
	  <li>
        <texPath>Shows/OverlordAnimated/frame_029_delay-0.04s</texPath>
        <graphicClass>Graphic_Single</graphicClass>
      </li>
	  <li>
        <texPath>Shows/OverlordAnimated/frame_030_delay-0.04s</texPath>
        <graphicClass>Graphic_Single</graphicClass>
      </li>
	  <li>
        <texPath>Shows/OverlordAnimated/frame_031_delay-0.04s</texPath>
        <graphicClass>Graphic_Single</graphicClass>
      </li>
	  <li>
        <texPath>Shows/OverlordAnimated/frame_032_delay-0.04s</texPath>
        <graphicClass>Graphic_Single</graphicClass>
      </li>
	  <li>
        <texPath>Shows/OverlordAnimated/frame_033_delay-0.04s</texPath>
        <graphicClass>Graphic_Single</graphicClass>
      </li>
	  <li>
        <texPath>Shows/OverlordAnimated/frame_034_delay-0.04s</texPath>
        <graphicClass>Graphic_Single</graphicClass>
      </li>
	  <li>
        <texPath>Shows/OverlordAnimated/frame_035_delay-0.04s</texPath>
        <graphicClass>Graphic_Single</graphicClass>
      </li>
	  <li>
        <texPath>Shows/OverlordAnimated/frame_036_delay-0.04s</texPath>
        <graphicClass>Graphic_Single</graphicClass>
      </li>
	  <li>
        <texPath>Shows/OverlordAnimated/frame_037_delay-0.04s</texPath>
        <graphicClass>Graphic_Single</graphicClass>
      </li>
	  <li>
        <texPath>Shows/OverlordAnimated/frame_038_delay-0.04s</texPath>
        <graphicClass>Graphic_Single</graphicClass>
      </li>
	  <li>
        <texPath>Shows/OverlordAnimated/frame_039_delay-0.04s</texPath>
        <graphicClass>Graphic_Single</graphicClass>
      </li>
	  <li>
        <texPath>Shows/OverlordAnimated/frame_040_delay-0.04s</texPath>
        <graphicClass>Graphic_Single</graphicClass>
      </li>
	  <li>
        <texPath>Shows/OverlordAnimated/frame_041_delay-0.04s</texPath>
        <graphicClass>Graphic_Single</graphicClass>
      </li>
	  <li>
        <texPath>Shows/OverlordAnimated/frame_042_delay-0.04s</texPath>
        <graphicClass>Graphic_Single</graphicClass>
      </li>
	  <li>
        <texPath>Shows/OverlordAnimated/frame_043_delay-0.04s</texPath>
        <graphicClass>Graphic_Single</graphicClass>
      </li>
	  <li>
        <texPath>Shows/OverlordAnimated/frame_044_delay-0.04s</texPath>
        <graphicClass>Graphic_Single</graphicClass>
      </li>
	  <li>
        <texPath>Shows/OverlordAnimated/frame_045_delay-0.04s</texPath>
        <graphicClass>Graphic_Single</graphicClass>
      </li>
	  <li>
        <texPath>Shows/OverlordAnimated/frame_046_delay-0.04s</texPath>
        <graphicClass>Graphic_Single</graphicClass>
      </li>
	  <li>
        <texPath>Shows/OverlordAnimated/frame_047_delay-0.04s</texPath>
        <graphicClass>Graphic_Single</graphicClass>
      </li>
	  <li>
        <texPath>Shows/OverlordAnimated/frame_048_delay-0.04s</texPath>
        <graphicClass>Graphic_Single</graphicClass>
      </li>
	  <li>
        <texPath>Shows/OverlordAnimated/frame_049_delay-0.04s</texPath>
        <graphicClass>Graphic_Single</graphicClass>
      </li>
	  <li>
        <texPath>Shows/OverlordAnimated/frame_050_delay-0.04s</texPath>
        <graphicClass>Graphic_Single</graphicClass>
      </li>
	  <li>
        <texPath>Shows/OverlordAnimated/frame_051_delay-0.04s</texPath>
        <graphicClass>Graphic_Single</graphicClass>
      </li>
	  <li>
        <texPath>Shows/OverlordAnimated/frame_052_delay-0.04s</texPath>
        <graphicClass>Graphic_Single</graphicClass>
      </li>
	  <li>
        <texPath>Shows/OverlordAnimated/frame_053_delay-0.04s</texPath>
        <graphicClass>Graphic_Single</graphicClass>
      </li>
	  <li>
        <texPath>Shows/OverlordAnimated/frame_054_delay-0.04s</texPath>
        <graphicClass>Graphic_Single</graphicClass>
      </li>
	  <li>
        <texPath>Shows/OverlordAnimated/frame_055_delay-0.04s</texPath>
        <graphicClass>Graphic_Single</graphicClass>
      </li>
	  <li>
        <texPath>Shows/OverlordAnimated/frame_056_delay-0.04s</texPath>
        <graphicClass>Graphic_Single</graphicClass>
      </li>
	  <li>
        <texPath>Shows/OverlordAnimated/frame_057_delay-0.04s</texPath>
        <graphicClass>Graphic_Single</graphicClass>
      </li>
	  <li>
        <texPath>Shows/OverlordAnimated/frame_058_delay-0.04s</texPath>
        <graphicClass>Graphic_Single</graphicClass>
      </li>
	  <li>
        <texPath>Shows/OverlordAnimated/frame_059_delay-0.04s</texPath>
        <graphicClass>Graphic_Single</graphicClass>
      </li>
	  <li>
        <texPath>Shows/OverlordAnimated/frame_060_delay-0.04s</texPath>
        <graphicClass>Graphic_Single</graphicClass>
      </li>
	  <li>
        <texPath>Shows/OverlordAnimated/frame_061_delay-0.04s</texPath>
        <graphicClass>Graphic_Single</graphicClass>
      </li>
	  <li>
        <texPath>Shows/OverlordAnimated/frame_062_delay-0.04s</texPath>
        <graphicClass>Graphic_Single</graphicClass>
      </li>
	  <li>
        <texPath>Shows/OverlordAnimated/frame_063_delay-0.04s</texPath>
        <graphicClass>Graphic_Single</graphicClass>
      </li>
	  <li>
        <texPath>Shows/OverlordAnimated/frame_064_delay-0.04s</texPath>
        <graphicClass>Graphic_Single</graphicClass>
      </li>
	  <li>
        <texPath>Shows/OverlordAnimated/frame_065_delay-0.04s</texPath>
        <graphicClass>Graphic_Single</graphicClass>
      </li>
	  <li>
        <texPath>Shows/OverlordAnimated/frame_066_delay-0.04s</texPath>
        <graphicClass>Graphic_Single</graphicClass>
      </li>
	  <li>
        <texPath>Shows/OverlordAnimated/frame_067_delay-0.04s</texPath>
        <graphicClass>Graphic_Single</graphicClass>
      </li>
	  <li>
        <texPath>Shows/OverlordAnimated/frame_068_delay-0.04s</texPath>
        <graphicClass>Graphic_Single</graphicClass>
      </li>
	  <li>
        <texPath>Shows/OverlordAnimated/frame_069_delay-0.04s</texPath>
        <graphicClass>Graphic_Single</graphicClass>
      </li>
	  <li>
        <texPath>Shows/OverlordAnimated/frame_070_delay-0.04s</texPath>
        <graphicClass>Graphic_Single</graphicClass>
      </li>
	  <li>
        <texPath>Shows/OverlordAnimated/frame_071_delay-0.04s</texPath>
        <graphicClass>Graphic_Single</graphicClass>
      </li>
	  <li>
        <texPath>Shows/OverlordAnimated/frame_072_delay-0.04s</texPath>
        <graphicClass>Graphic_Single</graphicClass>
      </li>
	  <li>
        <texPath>Shows/OverlordAnimated/frame_073_delay-0.04s</texPath>
        <graphicClass>Graphic_Single</graphicClass>
      </li>
	  <li>
        <texPath>Shows/OverlordAnimated/frame_074_delay-0.04s</texPath>
        <graphicClass>Graphic_Single</graphicClass>
      </li>
	  <li>
        <texPath>Shows/OverlordAnimated/frame_075_delay-0.04s</texPath>
        <graphicClass>Graphic_Single</graphicClass>
      </li>
	  <li>
        <texPath>Shows/OverlordAnimated/frame_076_delay-0.04s</texPath>
        <graphicClass>Graphic_Single</graphicClass>
      </li>
	  <li>
        <texPath>Shows/OverlordAnimated/frame_077_delay-0.04s</texPath>
        <graphicClass>Graphic_Single</graphicClass>
      </li>
	  <li>
        <texPath>Shows/OverlordAnimated/frame_078_delay-0.04s</texPath>
        <graphicClass>Graphic_Single</graphicClass>
      </li>
	  <li>
        <texPath>Shows/OverlordAnimated/frame_079_delay-0.04s</texPath>
        <graphicClass>Graphic_Single</graphicClass>
      </li>
	  <li>
        <texPath>Shows/OverlordAnimated/frame_080_delay-0.04s</texPath>
        <graphicClass>Graphic_Single</graphicClass>
      </li>
	  <li>
        <texPath>Shows/OverlordAnimated/frame_081_delay-0.04s</texPath>
        <graphicClass>Graphic_Single</graphicClass>
      </li>
	  <li>
        <texPath>Shows/OverlordAnimated/frame_082_delay-0.04s</texPath>
        <graphicClass>Graphic_Single</graphicClass>
      </li>
	  <li>
        <texPath>Shows/OverlordAnimated/frame_083_delay-0.04s</texPath>
        <graphicClass>Graphic_Single</graphicClass>
      </li>
	  <li>
        <texPath>Shows/OverlordAnimated/frame_084_delay-0.04s</texPath>
        <graphicClass>Graphic_Single</graphicClass>
      </li>
	  <li>
        <texPath>Shows/OverlordAnimated/frame_085_delay-0.04s</texPath>
        <graphicClass>Graphic_Single</graphicClass>
      </li>
	  <li>
        <texPath>Shows/OverlordAnimated/frame_086_delay-0.04s</texPath>
        <graphicClass>Graphic_Single</graphicClass>
      </li>
	  <li>
        <texPath>Shows/OverlordAnimated/frame_087_delay-0.04s</texPath>
        <graphicClass>Graphic_Single</graphicClass>
      </li>
	  <li>
        <texPath>Shows/OverlordAnimated/frame_088_delay-0.04s</texPath>
        <graphicClass>Graphic_Single</graphicClass>
      </li>
	  <li>
        <texPath>Shows/OverlordAnimated/frame_089_delay-0.04s</texPath>
        <graphicClass>Graphic_Single</graphicClass>
      </li>
	  <li>
        <texPath>Shows/OverlordAnimated/frame_090_delay-0.04s</texPath>
        <graphicClass>Graphic_Single</graphicClass>
      </li>
	  <li>
        <texPath>Shows/OverlordAnimated/frame_091_delay-0.04s</texPath>
        <graphicClass>Graphic_Single</graphicClass>
      </li>
	  <li>
        <texPath>Shows/OverlordAnimated/frame_092_delay-0.04s</texPath>
        <graphicClass>Graphic_Single</graphicClass>
      </li>
	  <li>
        <texPath>Shows/OverlordAnimated/frame_093_delay-0.04s</texPath>
        <graphicClass>Graphic_Single</graphicClass>
      </li>
	  <li>
        <texPath>Shows/OverlordAnimated/frame_094_delay-0.04s</texPath>
        <graphicClass>Graphic_Single</graphicClass>
      </li>
	  <li>
        <texPath>Shows/OverlordAnimated/frame_095_delay-0.04s</texPath>
        <graphicClass>Graphic_Single</graphicClass>
      </li>
	  <li>
        <texPath>Shows/OverlordAnimated/frame_096_delay-0.04s</texPath>
        <graphicClass>Graphic_Single</graphicClass>
      </li>
	  <li>
        <texPath>Shows/OverlordAnimated/frame_097_delay-0.04s</texPath>
        <graphicClass>Graphic_Single</graphicClass>
      </li>
	  <li>
        <texPath>Shows/OverlordAnimated/frame_098_delay-0.04s</texPath>
        <graphicClass>Graphic_Single</graphicClass>
      </li>
	  <li>
        <texPath>Shows/OverlordAnimated/frame_099_delay-0.04s</texPath>
        <graphicClass>Graphic_Single</graphicClass>
      </li>
	  <li>
        <texPath>Shows/OverlordAnimated/frame_100_delay-0.04s</texPath>
        <graphicClass>Graphic_Single</graphicClass>
      </li>
	  <li>
        <texPath>Shows/OverlordAnimated/frame_101_delay-0.04s</texPath>
        <graphicClass>Graphic_Single</graphicClass>
      </li>
	  <li>
        <texPath>Shows/OverlordAnimated/frame_102_delay-0.04s</texPath>
        <graphicClass>Graphic_Single</graphicClass>
      </li>
	  <li>
        <texPath>Shows/OverlordAnimated/frame_103_delay-0.04s</texPath>
        <graphicClass>Graphic_Single</graphicClass>
      </li>
	  <li>
        <texPath>Shows/OverlordAnimated/frame_104_delay-0.04s</texPath>
        <graphicClass>Graphic_Single</graphicClass>
      </li>
	  <li>
        <texPath>Shows/OverlordAnimated/frame_105_delay-0.04s</texPath>
        <graphicClass>Graphic_Single</graphicClass>
      </li>
	  <li>
        <texPath>Shows/OverlordAnimated/frame_106_delay-0.04s</texPath>
        <graphicClass>Graphic_Single</graphicClass>
      </li>
	  <li>
        <texPath>Shows/OverlordAnimated/frame_107_delay-0.04s</texPath>
        <graphicClass>Graphic_Single</graphicClass>
      </li>
	  <li>
        <texPath>Shows/OverlordAnimated/frame_108_delay-0.04s</texPath>
        <graphicClass>Graphic_Single</graphicClass>
      </li>
	  <li>
        <texPath>Shows/OverlordAnimated/frame_109_delay-0.04s</texPath>
        <graphicClass>Graphic_Single</graphicClass>
      </li>
	  <li>
        <texPath>Shows/OverlordAnimated/frame_110_delay-0.04s</texPath>
        <graphicClass>Graphic_Single</graphicClass>
      </li>
	  <li>
        <texPath>Shows/OverlordAnimated/frame_111_delay-0.04s</texPath>
        <graphicClass>Graphic_Single</graphicClass>
      </li>
	  <li>
        <texPath>Shows/OverlordAnimated/frame_112_delay-0.04s</texPath>
        <graphicClass>Graphic_Single</graphicClass>
      </li>
	  <li>
        <texPath>Shows/OverlordAnimated/frame_113_delay-0.04s</texPath>
        <graphicClass>Graphic_Single</graphicClass>
      </li>
	  <li>
        <texPath>Shows/OverlordAnimated/frame_114_delay-0.04s</texPath>
        <graphicClass>Graphic_Single</graphicClass>
      </li>
	  <li>
        <texPath>Shows/OverlordAnimated/frame_115_delay-0.04s</texPath>
        <graphicClass>Graphic_Single</graphicClass>
      </li>
	  <li>
        <texPath>Shows/OverlordAnimated/frame_116_delay-0.04s</texPath>
        <graphicClass>Graphic_Single</graphicClass>
      </li>
	  <li>
        <texPath>Shows/OverlordAnimated/frame_117_delay-0.04s</texPath>
        <graphicClass>Graphic_Single</graphicClass>
      </li>
	  <li>
        <texPath>Shows/OverlordAnimated/frame_118_delay-0.04s</texPath>
        <graphicClass>Graphic_Single</graphicClass>
      </li>
	  <li>
        <texPath>Shows/OverlordAnimated/frame_119_delay-0.04s</texPath>
        <graphicClass>Graphic_Single</graphicClass>
      </li>
	  <li>
        <texPath>Shows/OverlordAnimated/frame_120_delay-0.04s</texPath>
        <graphicClass>Graphic_Single</graphicClass>
      </li>
	  <li>
        <texPath>Shows/OverlordAnimated/frame_121_delay-0.04s</texPath>
        <graphicClass>Graphic_Single</graphicClass>
      </li>
	  <li>
        <texPath>Shows/OverlordAnimated/frame_122_delay-0.04s</texPath>
        <graphicClass>Graphic_Single</graphicClass>
      </li>
	  <li>
        <texPath>Shows/OverlordAnimated/frame_123_delay-0.04s</texPath>
        <graphicClass>Graphic_Single</graphicClass>
      </li>
	  <li>
        <texPath>Shows/OverlordAnimated/frame_124_delay-0.04s</texPath>
        <graphicClass>Graphic_Single</graphicClass>
      </li>
	  <li>
        <texPath>Shows/OverlordAnimated/frame_125_delay-0.04s</texPath>
        <graphicClass>Graphic_Single</graphicClass>
      </li>
	  <li>
        <texPath>Shows/OverlordAnimated/frame_126_delay-0.04s</texPath>
        <graphicClass>Graphic_Single</graphicClass>
      </li>
	  <li>
        <texPath>Shows/OverlordAnimated/frame_127_delay-0.04s</texPath>
        <graphicClass>Graphic_Single</graphicClass>
      </li>
	  <li>
        <texPath>Shows/OverlordAnimated/frame_128_delay-0.04s</texPath>
        <graphicClass>Graphic_Single</graphicClass>
      </li>
	  <li>
        <texPath>Shows/OverlordAnimated/frame_129_delay-0.04s</texPath>
        <graphicClass>Graphic_Single</graphicClass>
      </li>
	  <li>
        <texPath>Shows/OverlordAnimated/frame_130_delay-0.04s</texPath>
        <graphicClass>Graphic_Single</graphicClass>
      </li>
	  <li>
        <texPath>Shows/OverlordAnimated/frame_131_delay-0.04s</texPath>
        <graphicClass>Graphic_Single</graphicClass>
      </li>
	  <li>
        <texPath>Shows/OverlordAnimated/frame_132_delay-0.04s</texPath>
        <graphicClass>Graphic_Single</graphicClass>
      </li>
	  <li>
        <texPath>Shows/OverlordAnimated/frame_133_delay-0.04s</texPath>
        <graphicClass>Graphic_Single</graphicClass>
      </li>
	  <li>
        <texPath>Shows/OverlordAnimated/frame_134_delay-0.04s</texPath>
        <graphicClass>Graphic_Single</graphicClass>
      </li>
	  <li>
        <texPath>Shows/OverlordAnimated/frame_135_delay-0.04s</texPath>
        <graphicClass>Graphic_Single</graphicClass>
      </li>
	  <li>
        <texPath>Shows/OverlordAnimated/frame_136_delay-0.04s</texPath>
        <graphicClass>Graphic_Single</graphicClass>
      </li>
	  <li>
        <texPath>Shows/OverlordAnimated/frame_137_delay-0.04s</texPath>
        <graphicClass>Graphic_Single</graphicClass>
      </li>
	  <li>
        <texPath>Shows/OverlordAnimated/frame_138_delay-0.04s</texPath>
        <graphicClass>Graphic_Single</graphicClass>
      </li>
	  <li>
        <texPath>Shows/OverlordAnimated/frame_139_delay-0.04s</texPath>
        <graphicClass>Graphic_Single</graphicClass>
      </li>
	  <li>
        <texPath>Shows/OverlordAnimated/frame_140_delay-0.04s</texPath>
        <graphicClass>Graphic_Single</graphicClass>
      </li>
	  <li>
        <texPath>Shows/OverlordAnimated/frame_141_delay-0.04s</texPath>
        <graphicClass>Graphic_Single</graphicClass>
      </li>
	  <li>
        <texPath>Shows/OverlordAnimated/frame_142_delay-0.04s</texPath>
        <graphicClass>Graphic_Single</graphicClass>
      </li>
	  <li>
        <texPath>Shows/OverlordAnimated/frame_143_delay-0.04s</texPath>
        <graphicClass>Graphic_Single</graphicClass>
      </li>
	  <li>
        <texPath>Shows/OverlordAnimated/frame_144_delay-0.04s</texPath>
        <graphicClass>Graphic_Single</graphicClass>
      </li>
	  <li>
        <texPath>Shows/OverlordAnimated/frame_145_delay-0.04s</texPath>
        <graphicClass>Graphic_Single</graphicClass>
      </li>
	  <li>
        <texPath>Shows/OverlordAnimated/frame_146_delay-0.04s</texPath>
        <graphicClass>Graphic_Single</graphicClass>
      </li>
	  <li>
        <texPath>Shows/OverlordAnimated/frame_147_delay-0.04s</texPath>
        <graphicClass>Graphic_Single</graphicClass>
      </li>
	  <li>
        <texPath>Shows/OverlordAnimated/frame_148_delay-0.04s</texPath>
        <graphicClass>Graphic_Single</graphicClass>
      </li>
	  <li>
        <texPath>Shows/OverlordAnimated/frame_149_delay-0.04s</texPath>
        <graphicClass>Graphic_Single</graphicClass>
      </li>
	  <li>
        <texPath>Shows/OverlordAnimated/frame_150_delay-0.04s</texPath>
        <graphicClass>Graphic_Single</graphicClass>
      </li>
	  <li>
        <texPath>Shows/OverlordAnimated/frame_151_delay-0.04s</texPath>
        <graphicClass>Graphic_Single</graphicClass>
      </li>
	  <li>
        <texPath>Shows/OverlordAnimated/frame_152_delay-0.04s</texPath>
        <graphicClass>Graphic_Single</graphicClass>
      </li>
	  <li>
        <texPath>Shows/OverlordAnimated/frame_153_delay-0.04s</texPath>
        <graphicClass>Graphic_Single</graphicClass>
      </li>
	  <li>
        <texPath>Shows/OverlordAnimated/frame_154_delay-0.04s</texPath>
        <graphicClass>Graphic_Single</graphicClass>
      </li>
	  <li>
        <texPath>Shows/OverlordAnimated/frame_155_delay-0.04s</texPath>
        <graphicClass>Graphic_Single</graphicClass>
      </li>
	  <li>
        <texPath>Shows/OverlordAnimated/frame_156_delay-0.04s</texPath>
        <graphicClass>Graphic_Single</graphicClass>
      </li>
	  <li>
        <texPath>Shows/OverlordAnimated/frame_157_delay-0.04s</texPath>
        <graphicClass>Graphic_Single</graphicClass>
      </li>
	  <li>
        <texPath>Shows/OverlordAnimated/frame_158_delay-0.04s</texPath>
        <graphicClass>Graphic_Single</graphicClass>
      </li>
	  <li>
        <texPath>Shows/OverlordAnimated/frame_159_delay-0.04s</texPath>
        <graphicClass>Graphic_Single</graphicClass>
      </li>
	  <li>
        <texPath>Shows/OverlordAnimated/frame_160_delay-0.04s</texPath>
        <graphicClass>Graphic_Single</graphicClass>
      </li>
	  <li>
        <texPath>Shows/OverlordAnimated/frame_161_delay-0.04s</texPath>
        <graphicClass>Graphic_Single</graphicClass>
      </li>
	  <li>
        <texPath>Shows/OverlordAnimated/frame_162_delay-0.04s</texPath>
        <graphicClass>Graphic_Single</graphicClass>
      </li>
	  <li>
        <texPath>Shows/OverlordAnimated/frame_163_delay-0.04s</texPath>
        <graphicClass>Graphic_Single</graphicClass>
      </li>
	  <li>
        <texPath>Shows/OverlordAnimated/frame_164_delay-0.04s</texPath>
        <graphicClass>Graphic_Single</graphicClass>
      </li>
	  <li>
        <texPath>Shows/OverlordAnimated/frame_165_delay-0.04s</texPath>
        <graphicClass>Graphic_Single</graphicClass>
      </li>
	  <li>
        <texPath>Shows/OverlordAnimated/frame_166_delay-0.04s</texPath>
        <graphicClass>Graphic_Single</graphicClass>
      </li>
	  <li>
        <texPath>Shows/OverlordAnimated/frame_167_delay-0.04s</texPath>
        <graphicClass>Graphic_Single</graphicClass>
      </li>
	  <li>
        <texPath>Shows/OverlordAnimated/frame_168_delay-0.04s</texPath>
        <graphicClass>Graphic_Single</graphicClass>
      </li>
	  <li>
        <texPath>Shows/OverlordAnimated/frame_169_delay-0.04s</texPath>
        <graphicClass>Graphic_Single</graphicClass>
      </li>
	  <li>
        <texPath>Shows/OverlordAnimated/frame_170_delay-0.04s</texPath>
        <graphicClass>Graphic_Single</graphicClass>
      </li>
	  <li>
        <texPath>Shows/OverlordAnimated/frame_171_delay-0.04s</texPath>
        <graphicClass>Graphic_Single</graphicClass>
      </li>
	  <li>
        <texPath>Shows/OverlordAnimated/frame_172_delay-0.04s</texPath>
        <graphicClass>Graphic_Single</graphicClass>
      </li>
	  <li>
        <texPath>Shows/OverlordAnimated/frame_173_delay-0.04s</texPath>
        <graphicClass>Graphic_Single</graphicClass>
      </li>
	  <li>
        <texPath>Shows/OverlordAnimated/frame_174_delay-0.04s</texPath>
        <graphicClass>Graphic_Single</graphicClass>
      </li>
	  <li>
        <texPath>Shows/OverlordAnimated/frame_175_delay-0.04s</texPath>
        <graphicClass>Graphic_Single</graphicClass>
      </li>
	  <li>
        <texPath>Shows/OverlordAnimated/frame_176_delay-0.04s</texPath>
        <graphicClass>Graphic_Single</graphicClass>
      </li>
	  <li>
        <texPath>Shows/OverlordAnimated/frame_177_delay-0.04s</texPath>
        <graphicClass>Graphic_Single</graphicClass>
      </li>
	  <li>
        <texPath>Shows/OverlordAnimated/frame_178_delay-0.04s</texPath>
        <graphicClass>Graphic_Single</graphicClass>
      </li>
	  <li>
        <texPath>Shows/OverlordAnimated/frame_179_delay-0.04s</texPath>
        <graphicClass>Graphic_Single</graphicClass>
      </li>
	  <li>
        <texPath>Shows/OverlordAnimated/frame_180_delay-0.04s</texPath>
        <graphicClass>Graphic_Single</graphicClass>
      </li>
	  <li>
        <texPath>Shows/OverlordAnimated/frame_181_delay-0.04s</texPath>
        <graphicClass>Graphic_Single</graphicClass>
      </li>
	  <li>
        <texPath>Shows/OverlordAnimated/frame_182_delay-0.04s</texPath>
        <graphicClass>Graphic_Single</graphicClass>
      </li>
	  <li>
        <texPath>Shows/OverlordAnimated/frame_183_delay-0.04s</texPath>
        <graphicClass>Graphic_Single</graphicClass>
      </li>
	  <li>
        <texPath>Shows/OverlordAnimated/frame_184_delay-0.04s</texPath>
        <graphicClass>Graphic_Single</graphicClass>
      </li>
	  <li>
        <texPath>Shows/OverlordAnimated/frame_185_delay-0.04s</texPath>
        <graphicClass>Graphic_Single</graphicClass>
      </li>
	  <li>
        <texPath>Shows/OverlordAnimated/frame_186_delay-0.04s</texPath>
        <graphicClass>Graphic_Single</graphicClass>
      </li>
	  <li>
        <texPath>Shows/OverlordAnimated/frame_187_delay-0.04s</texPath>
        <graphicClass>Graphic_Single</graphicClass>
      </li>
	  <li>
        <texPath>Shows/OverlordAnimated/frame_188_delay-0.04s</texPath>
        <graphicClass>Graphic_Single</graphicClass>
      </li>
	  <li>
        <texPath>Shows/OverlordAnimated/frame_189_delay-0.04s</texPath>
        <graphicClass>Graphic_Single</graphicClass>
      </li>
	  <li>
        <texPath>Shows/OverlordAnimated/frame_190_delay-0.04s</texPath>
        <graphicClass>Graphic_Single</graphicClass>
      </li>
	  <li>
        <texPath>Shows/OverlordAnimated/frame_191_delay-0.04s</texPath>
        <graphicClass>Graphic_Single</graphicClass>
      </li>
	  <li>
        <texPath>Shows/OverlordAnimated/frame_192_delay-0.04s</texPath>
        <graphicClass>Graphic_Single</graphicClass>
      </li>
	  <li>
        <texPath>Shows/OverlordAnimated/frame_193_delay-0.04s</texPath>
        <graphicClass>Graphic_Single</graphicClass>
      </li>
	  <li>
        <texPath>Shows/OverlordAnimated/frame_194_delay-0.04s</texPath>
        <graphicClass>Graphic_Single</graphicClass>
      </li>
	  <li>
        <texPath>Shows/OverlordAnimated/frame_195_delay-0.04s</texPath>
        <graphicClass>Graphic_Single</graphicClass>
      </li>
	  <li>
        <texPath>Shows/OverlordAnimated/frame_196_delay-0.04s</texPath>
        <graphicClass>Graphic_Single</graphicClass>
      </li>
	  <li>
        <texPath>Shows/OverlordAnimated/frame_197_delay-0.04s</texPath>
        <graphicClass>Graphic_Single</graphicClass>
      </li>
	  <li>
        <texPath>Shows/OverlordAnimated/frame_198_delay-0.04s</texPath>
        <graphicClass>Graphic_Single</graphicClass>
      </li>
	  <li>
        <texPath>Shows/OverlordAnimated/frame_199_delay-0.04s</texPath>
        <graphicClass>Graphic_Single</graphicClass>
      </li>
	  <li>
        <texPath>Shows/OverlordAnimated/frame_200_delay-0.04s</texPath>
        <graphicClass>Graphic_Single</graphicClass>
      </li>
	  <li>
        <texPath>Shows/OverlordAnimated/frame_201_delay-0.04s</texPath>
        <graphicClass>Graphic_Single</graphicClass>
      </li>
	  <li>
        <texPath>Shows/OverlordAnimated/frame_202_delay-0.04s</texPath>
        <graphicClass>Graphic_Single</graphicClass>
      </li>
	  <li>
        <texPath>Shows/OverlordAnimated/frame_203_delay-0.04s</texPath>
        <graphicClass>Graphic_Single</graphicClass>
      </li>
	  <li>
        <texPath>Shows/OverlordAnimated/frame_204_delay-0.04s</texPath>
        <graphicClass>Graphic_Single</graphicClass>
      </li>
	  <li>
        <texPath>Shows/OverlordAnimated/frame_205_delay-0.04s</texPath>
        <graphicClass>Graphic_Single</graphicClass>
      </li>
	  <li>
        <texPath>Shows/OverlordAnimated/frame_206_delay-0.04s</texPath>
        <graphicClass>Graphic_Single</graphicClass>
      </li>
	  <li>
        <texPath>Shows/OverlordAnimated/frame_207_delay-0.04s</texPath>
        <graphicClass>Graphic_Single</graphicClass>
      </li>
	  <li>
        <texPath>Shows/OverlordAnimated/frame_208_delay-0.04s</texPath>
        <graphicClass>Graphic_Single</graphicClass>
      </li>
	  <li>
        <texPath>Shows/OverlordAnimated/frame_209_delay-0.04s</texPath>
        <graphicClass>Graphic_Single</graphicClass>
      </li>
	  <li>
        <texPath>Shows/OverlordAnimated/frame_210_delay-0.04s</texPath>
        <graphicClass>Graphic_Single</graphicClass>
      </li>
	  <li>
        <texPath>Shows/OverlordAnimated/frame_211_delay-0.04s</texPath>
        <graphicClass>Graphic_Single</graphicClass>
      </li>
	  <li>
        <texPath>Shows/OverlordAnimated/frame_212_delay-0.04s</texPath>
        <graphicClass>Graphic_Single</graphicClass>
      </li>
	  <li>
        <texPath>Shows/OverlordAnimated/frame_213_delay-0.04s</texPath>
        <graphicClass>Graphic_Single</graphicClass>
      </li>
	  <li>
        <texPath>Shows/OverlordAnimated/frame_214_delay-0.04s</texPath>
        <graphicClass>Graphic_Single</graphicClass>
      </li>
	  <li>
        <texPath>Shows/OverlordAnimated/frame_215_delay-0.04s</texPath>
        <graphicClass>Graphic_Single</graphicClass>
      </li>
	  <li>
        <texPath>Shows/OverlordAnimated/frame_216_delay-0.04s</texPath>
        <graphicClass>Graphic_Single</graphicClass>
      </li>
	  <li>
        <texPath>Shows/OverlordAnimated/frame_217_delay-0.04s</texPath>
        <graphicClass>Graphic_Single</graphicClass>
      </li>
	  <li>
        <texPath>Shows/OverlordAnimated/frame_218_delay-0.04s</texPath>
        <graphicClass>Graphic_Single</graphicClass>
      </li>
	  <li>
        <texPath>Shows/OverlordAnimated/frame_219_delay-0.04s</texPath>
        <graphicClass>Graphic_Single</graphicClass>
      </li>
	  <li>
        <texPath>Shows/OverlordAnimated/frame_220_delay-0.04s</texPath>
        <graphicClass>Graphic_Single</graphicClass>
      </li>
	  <li>
        <texPath>Shows/OverlordAnimated/frame_221_delay-0.04s</texPath>
        <graphicClass>Graphic_Single</graphicClass>
      </li>
	  <li>
        <texPath>Shows/OverlordAnimated/frame_222_delay-0.04s</texPath>
        <graphicClass>Graphic_Single</graphicClass>
      </li>
	  <li>
        <texPath>Shows/OverlordAnimated/frame_223_delay-0.04s</texPath>
        <graphicClass>Graphic_Single</graphicClass>
      </li>
	  <li>
        <texPath>Shows/OverlordAnimated/frame_224_delay-0.04s</texPath>
        <graphicClass>Graphic_Single</graphicClass>
      </li>
	  <li>
        <texPath>Shows/OverlordAnimated/frame_225_delay-0.04s</texPath>
        <graphicClass>Graphic_Single</graphicClass>
      </li>
	  <li>
        <texPath>Shows/OverlordAnimated/frame_226_delay-0.04s</texPath>
        <graphicClass>Graphic_Single</graphicClass>
      </li>
	  <li>
        <texPath>Shows/OverlordAnimated/frame_227_delay-0.04s</texPath>
        <graphicClass>Graphic_Single</graphicClass>
      </li>
	  <li>
        <texPath>Shows/OverlordAnimated/frame_228_delay-0.04s</texPath>
        <graphicClass>Graphic_Single</graphicClass>
      </li>
	  <li>
        <texPath>Shows/OverlordAnimated/frame_229_delay-0.04s</texPath>
        <graphicClass>Graphic_Single</graphicClass>
      </li>
	  <li>
        <texPath>Shows/OverlordAnimated/frame_230_delay-0.04s</texPath>
        <graphicClass>Graphic_Single</graphicClass>
      </li>
	  <li>
        <texPath>Shows/OverlordAnimated/frame_231_delay-0.04s</texPath>
        <graphicClass>Graphic_Single</graphicClass>
      </li>
	  <li>
        <texPath>Shows/OverlordAnimated/frame_232_delay-0.04s</texPath>
        <graphicClass>Graphic_Single</graphicClass>
      </li>
	  <li>
        <texPath>Shows/OverlordAnimated/frame_233_delay-0.04s</texPath>
        <graphicClass>Graphic_Single</graphicClass>
      </li>
	  <li>
        <texPath>Shows/OverlordAnimated/frame_234_delay-0.04s</texPath>
        <graphicClass>Graphic_Single</graphicClass>
      </li>
	  <li>
        <texPath>Shows/OverlordAnimated/frame_235_delay-0.04s</texPath>
        <graphicClass>Graphic_Single</graphicClass>
      </li>
    </frames>
  </RimFlix.ShowDef>

</Defs>
