<?xml version="1.0" encoding="utf-8"?>
<ModMetaData>
    <name>RimFlix - Overlord Maury Animated</name>
    <author>wreidigterran</author>
    <supportedVersions>
        <li>1.0</li>
        <li>1.1</li>
        <li>1.2</li>
    </supportedVersions>
    <packageId>wreidigterran.RimFlix.OverlordAnimated</packageId>
    <modDependencies>
        <li>
            <packageId>aznplucky.RimFlix</packageId>
            <displayName>RimFlix</displayName>
            <steamWorkshopUrl>steam://url/CommunityFilePage/1685381492</steamWorkshopUrl>
        </li>
    </modDependencies>
    <loadAfter>
        <li>aznplucky.RimFlix</li>
    </loadAfter>
    <description>
An animated picture of our ovelord Maury for use with RimFlix. Beware of his awesomeness.\nUsed for megascreen television.\n\nCredits to aznplucky for the mod template.\n\nNote : Load this AFTER RimFlix.
    </description>
</ModMetaData>